{
    "success":true,
    "asset":"PEPEBILLIONS",
    "asset_issuer_address":"1K4BJHFbxD776ZCRFvRX4Sd5zjX32ScgUV",
    "asset_owner_address":"1K4BJHFbxD776ZCRFvRX4Sd5zjX32ScgUV",
    "asset_supply":"95",
    "asset_divisible":false,
    "asset_locked":true,
    "image":"https://raw.githubusercontent.com/genecyber/PEPEBILLIONS/main/mini.jpg",
    "image_large":"https://raw.githubusercontent.com/genecyber/PEPEBILLIONS/main/PEPEBILLIONS.jpg",
    "image_title":"PEPEBILLIONS",
    "forensics": "https://aperisolve.fr/ef3b9508ef2f95ff220373309710ca4e"
}